bukkit_event	tachyon_event	skript_sources
com.destroystokyo.paper.event.block.AnvilDamagedEvent	unreviewed gap	src/main/java/ch/njol/skript/events/SimpleEvents.java
com.destroystokyo.paper.event.block.BeaconEffectEvent	unreviewed gap	src/main/java/ch/njol/skript/classes/data/BukkitEventValues.java; src/main/java/ch/njol/skript/events/EvtBeaconEffect.java; src/main/java/ch/njol/skript/expressions/ExprAppliedEffect.java
com.destroystokyo.paper.event.entity.EndermanAttackPlayerEvent	unreviewed gap	src/main/java/ch/njol/skript/classes/data/BukkitEventValues.java
com.destroystokyo.paper.event.entity.EntityJumpEvent	unreviewed gap	src/main/java/ch/njol/skript/events/SimpleEvents.java
com.destroystokyo.paper.event.entity.EntityPathfindEvent	unreviewed gap	src/main/java/org/skriptlang/skript/bukkit/entity/elements/expressions/ExprPathfindingLocation.java; src/main/java/org/skriptlang/skript/bukkit/entity/elements/expressions/ExprPathfindingTarget.java; src/main/java/org/skriptlang/skript/bukkit/entity/EntityModule.java
com.destroystokyo.paper.event.entity.ProjectileCollideEvent	unreviewed gap	src/main/java/ch/njol/skript/classes/data/BukkitEventValues.java; src/main/java/ch/njol/skript/events/SimpleEvents.java
com.destroystokyo.paper.event.inventory.PrepareResultEvent	unreviewed gap	src/main/java/ch/njol/skript/classes/data/BukkitEventValues.java
com.destroystokyo.paper.event.player.PlayerArmorChangeEvent	player.armorChange	src/main/java/ch/njol/skript/events/EvtPlayerArmorChange.java; src/main/java/ch/njol/skript/expressions/ExprArmorChangeItem.java
com.destroystokyo.paper.event.player.PlayerElytraBoostEvent	unreviewed gap	src/main/java/ch/njol/skript/classes/data/BukkitEventValues.java; src/main/java/ch/njol/skript/conditions/CondElytraBoostConsume.java; src/main/java/ch/njol/skript/effects/EffElytraBoostConsume.java; src/main/java/ch/njol/skript/events/SimpleEvents.java
com.destroystokyo.paper.event.player.PlayerJumpEvent	player.jump	src/main/java/ch/njol/skript/events/SimpleEvents.java
com.destroystokyo.paper.event.player.PlayerReadyArrowEvent	unreviewed gap	src/main/java/ch/njol/skript/events/SimpleEvents.java; src/main/java/ch/njol/skript/expressions/ExprReadiedArrow.java
com.destroystokyo.paper.event.player.PlayerStartSpectatingEntityEvent	unreviewed gap	src/main/java/ch/njol/skript/events/EvtSpectate.java; src/main/java/ch/njol/skript/expressions/ExprSpectatorTarget.java
com.destroystokyo.paper.event.player.PlayerStopSpectatingEntityEvent	unreviewed gap	src/main/java/ch/njol/skript/events/EvtSpectate.java; src/main/java/ch/njol/skript/expressions/ExprSpectatorTarget.java
com.destroystokyo.paper.event.server.PaperServerListPingEvent	server.ping	src/main/java/ch/njol/skript/effects/EffHidePlayerFromServerList.java; src/main/java/ch/njol/skript/effects/EffPlayerInfoVisibility.java; src/main/java/ch/njol/skript/events/SimpleEvents.java; src/main/java/ch/njol/skript/expressions/ExprHoverList.java; src/main/java/ch/njol/skript/expressions/ExprIP.java; src/main/java/ch/njol/skript/expressions/ExprMaxPlayers.java; src/main/java/ch/njol/skript/expressions/ExprOnlinePlayersCount.java; src/main/java/ch/njol/skript/expressions/ExprProtocolVersion.java; src/main/java/ch/njol/skript/expressions/ExprServerIcon.java; src/main/java/ch/njol/skript/expressions/ExprVersionString.java; src/main/java/org/skriptlang/skript/bukkit/misc/elements/expressions/ExprMOTD.java
io.papermc.paper.event.block.BeaconActivatedEvent	unreviewed gap	src/main/java/ch/njol/skript/events/EvtBeaconToggle.java
io.papermc.paper.event.block.BeaconDeactivatedEvent	unreviewed gap	src/main/java/ch/njol/skript/events/EvtBeaconToggle.java
io.papermc.paper.event.entity.EntityMoveEvent	unreviewed gap	src/main/java/ch/njol/skript/classes/data/BukkitEventValues.java; src/main/java/ch/njol/skript/events/EvtMove.java
io.papermc.paper.event.player.AsyncChatEvent	player.chat	src/main/java/org/skriptlang/skript/bukkit/entity/EntityModule.java; src/main/java/org/skriptlang/skript/bukkit/entity/player/elements/expressions/ExprChatFormat.java; src/main/java/org/skriptlang/skript/bukkit/entity/player/elements/expressions/ExprChatMessage.java; src/main/java/org/skriptlang/skript/bukkit/entity/player/elements/expressions/ExprChatRecipients.java; src/main/java/org/skriptlang/skript/bukkit/entity/player/PlayerModule.java
io.papermc.paper.event.player.PlayerChangeBeaconEffectEvent	unreviewed gap	src/main/java/ch/njol/skript/expressions/ExprBeaconEffects.java
io.papermc.paper.event.player.PlayerPickBlockEvent	unreviewed gap	src/main/java/org/skriptlang/skript/bukkit/entity/player/elements/events/EvtPlayerPickItem.java; src/main/java/org/skriptlang/skript/bukkit/entity/player/elements/expressions/ExprPickedItem.java
io.papermc.paper.event.player.PlayerPickEntityEvent	unreviewed gap	src/main/java/org/skriptlang/skript/bukkit/entity/player/elements/events/EvtPlayerPickItem.java; src/main/java/org/skriptlang/skript/bukkit/entity/player/elements/expressions/ExprPickedItem.java
io.papermc.paper.event.player.PlayerPickItemEvent	unreviewed gap	src/main/java/org/skriptlang/skript/bukkit/entity/player/elements/events/EvtPlayerPickItem.java; src/main/java/org/skriptlang/skript/bukkit/entity/player/elements/expressions/ExprPickedItem.java
io.papermc.paper.event.player.PlayerStonecutterRecipeSelectEvent	unreviewed gap	src/main/java/ch/njol/skript/events/EvtItem.java
io.papermc.paper.event.player.PlayerTradeEvent	unreviewed gap	src/main/java/org/skriptlang/skript/bukkit/lang/eventvalue/Resolver.java
io.papermc.paper.event.player.PrePlayerAttackEntityEvent	unreviewed gap	src/main/java/ch/njol/skript/events/EvtAttemptAttack.java; src/main/java/ch/njol/skript/expressions/ExprAttacked.java; src/main/java/ch/njol/skript/expressions/ExprAttacker.java
io.papermc.paper.event.world.border.WorldBorderBoundsChangeEvent	unreviewed gap	src/main/java/ch/njol/skript/classes/data/BukkitEventValues.java; src/main/java/ch/njol/skript/events/SimpleEvents.java; src/main/java/org/skriptlang/skript/bukkit/worldborder/elements/WorldBorderModule.java
io.papermc.paper.event.world.border.WorldBorderBoundsChangeFinishEvent	unreviewed gap	src/main/java/ch/njol/skript/classes/data/BukkitEventValues.java; src/main/java/ch/njol/skript/events/SimpleEvents.java; src/main/java/org/skriptlang/skript/bukkit/worldborder/elements/WorldBorderModule.java
io.papermc.paper.event.world.border.WorldBorderCenterChangeEvent	unreviewed gap	src/main/java/ch/njol/skript/classes/data/BukkitEventValues.java; src/main/java/ch/njol/skript/events/SimpleEvents.java; src/main/java/org/skriptlang/skript/bukkit/worldborder/elements/WorldBorderModule.java
io.papermc.paper.event.world.border.WorldBorderEvent	unreviewed gap	src/main/java/ch/njol/skript/classes/data/BukkitEventValues.java
org.bukkit.event.block.BlockBreakEvent	block.break	src/main/java/ch/njol/skript/effects/EffCancelDrops.java; src/main/java/ch/njol/skript/expressions/ExprExperience.java
org.bukkit.event.block.BlockCanBuildEvent	unreviewed gap	src/main/java/ch/njol/skript/doc/HTMLGenerator.java; src/main/java/ch/njol/skript/doc/JSONGenerator.java; src/main/java/ch/njol/skript/effects/EffCancelEvent.java
org.bukkit.event.block.BlockDispenseEvent	block.dispense	src/main/java/ch/njol/skript/events/EvtItem.java
org.bukkit.event.block.BlockDropItemEvent	unreviewed gap	src/main/java/ch/njol/skript/effects/EffCancelDrops.java
org.bukkit.event.block.BlockEvent	unreviewed gap	src/main/java/org/skriptlang/skript/bukkit/block/furnace/elements/expressions/ExprFurnaceSlot.java
org.bukkit.event.block.BlockExpEvent	unreviewed gap	src/main/java/ch/njol/skript/events/EvtExperienceSpawn.java
org.bukkit.event.block.BlockFertilizeEvent	block.fertilize	src/main/java/ch/njol/skript/expressions/ExprFertilizedBlocks.java
org.bukkit.event.block.BlockGrowEvent	block.grow	src/main/java/ch/njol/skript/events/EvtGrow.java; src/main/java/ch/njol/skript/events/EvtPlantGrowth.java
org.bukkit.event.block.BlockPistonExtendEvent	block.pistonExtend	src/main/java/ch/njol/skript/expressions/ExprPushedBlocks.java
org.bukkit.event.block.BlockPistonRetractEvent	block.pistonRetract	src/main/java/ch/njol/skript/expressions/ExprPushedBlocks.java
org.bukkit.event.block.BlockSpreadEvent	block.spread	src/main/java/ch/njol/skript/expressions/ExprSourceBlock.java
org.bukkit.event.block.BrewingStartEvent	unreviewed gap	src/main/java/org/skriptlang/skript/bukkit/brewing/elements/events/EvtBrewingStart.java; src/main/java/org/skriptlang/skript/bukkit/brewing/elements/expressions/ExprBrewingSlot.java; src/main/java/org/skriptlang/skript/bukkit/brewing/elements/expressions/ExprBrewingTime.java
org.bukkit.event.block.SignChangeEvent	player.signChange	src/main/java/org/skriptlang/skript/bukkit/block/sign/elements/expressions/ExprSignText.java
org.bukkit.event.block.SpongeAbsorbEvent	unreviewed gap	src/main/java/ch/njol/skript/expressions/ExprAbsorbedBlocks.java
org.bukkit.event.enchantment.EnchantItemEvent	player.enchant	src/main/java/ch/njol/skript/classes/data/BukkitEventValues.java; src/main/java/ch/njol/skript/events/SimpleEvents.java; src/main/java/ch/njol/skript/expressions/ExprClicked.java; src/main/java/org/skriptlang/skript/bukkit/enchantments/elements/expressions/ExprAppliedEnchantments.java; src/main/java/org/skriptlang/skript/bukkit/enchantments/elements/expressions/ExprEnchantingExpCost.java; src/main/java/org/skriptlang/skript/bukkit/enchantments/elements/expressions/ExprEnchantItem.java; src/main/java/org/skriptlang/skript/bukkit/enchantments/elements/expressions/ExprEnchantmentHint.java
org.bukkit.event.enchantment.PrepareItemEnchantEvent	unreviewed gap	src/main/java/ch/njol/skript/classes/data/BukkitEventValues.java; src/main/java/ch/njol/skript/events/SimpleEvents.java; src/main/java/org/skriptlang/skript/bukkit/enchantments/elements/expressions/ExprEnchantItem.java; src/main/java/org/skriptlang/skript/bukkit/enchantments/elements/expressions/ExprEnchantmentBonus.java; src/main/java/org/skriptlang/skript/bukkit/enchantments/elements/expressions/ExprEnchantmentOffer.java
org.bukkit.event.entity.AreaEffectCloudApplyEvent	unreviewed gap	src/main/java/ch/njol/skript/expressions/ExprAffectedEntities.java
org.bukkit.event.entity.CreatureSpawnEvent	entity.spawn	src/main/java/ch/njol/skript/conditions/CondIsSheared.java
org.bukkit.event.entity.EntityBreedEvent	entity.breed	src/main/java/ch/njol/skript/expressions/ExprExperience.java; src/main/java/org/skriptlang/skript/bukkit/breeding/elements/events/EvtBreed.java; src/main/java/org/skriptlang/skript/bukkit/breeding/elements/expressions/ExprBreedingFamily.java
org.bukkit.event.entity.EntityChangeBlockEvent	entity.changeBlock	src/main/java/ch/njol/skript/events/EvtEntityBlockChange.java
org.bukkit.event.entity.EntityCombustEvent	entity.combust	src/main/java/ch/njol/skript/effects/EffIgnite.java
org.bukkit.event.entity.EntityDamageByEntityEvent	entity.damageByEntity	src/main/java/ch/njol/skript/events/EvtDamage.java; src/main/java/ch/njol/skript/expressions/ExprAttacker.java
org.bukkit.event.entity.EntityDamageEvent	entity.damage	src/main/java/ch/njol/skript/bukkitutil/HealthUtils.java; src/main/java/ch/njol/skript/effects/EffIgnite.java; src/main/java/ch/njol/skript/effects/EffKill.java; src/main/java/ch/njol/skript/events/EvtDamage.java; src/main/java/ch/njol/skript/expressions/ExprAttacked.java; src/main/java/ch/njol/skript/expressions/ExprAttacker.java; src/main/java/ch/njol/skript/expressions/ExprDamage.java; src/main/java/ch/njol/skript/expressions/ExprFinalDamage.java; src/main/java/ch/njol/skript/expressions/ExprLastDamageCause.java; src/main/java/org/skriptlang/skript/bukkit/damagesource/DamageSourceModule.java
org.bukkit.event.entity.EntityDeathEvent	entity.death	src/main/java/ch/njol/skript/effects/EffCancelDrops.java; src/main/java/ch/njol/skript/effects/EffKeepInventory.java; src/main/java/ch/njol/skript/effects/EffRespawn.java; src/main/java/ch/njol/skript/events/EvtEntity.java; src/main/java/ch/njol/skript/events/EvtExperienceSpawn.java; src/main/java/ch/njol/skript/expressions/ExprAttacked.java; src/main/java/ch/njol/skript/expressions/ExprAttacker.java; src/main/java/ch/njol/skript/expressions/ExprDrops.java; src/main/java/ch/njol/skript/expressions/ExprLevel.java; src/main/java/org/skriptlang/skript/bukkit/damagesource/DamageSourceModule.java; src/main/java/org/skriptlang/skript/bukkit/entity/elements/expressions/ExprDeathMessage.java
org.bukkit.event.entity.EntityDismountEvent	entity.dismount	src/main/java/ch/njol/skript/expressions/ExprVehicle.java
org.bukkit.event.entity.EntityDropItemEvent	unreviewed gap	src/main/java/ch/njol/skript/events/EvtItem.java
org.bukkit.event.entity.EntityEnterLoveModeEvent	unreviewed gap	src/main/java/org/skriptlang/skript/bukkit/breeding/BreedingModule.java
org.bukkit.event.entity.EntityEvent	unreviewed gap	src/main/java/ch/njol/skript/expressions/ExprAttacked.java
org.bukkit.event.entity.EntityExplodeEvent	entity.explode	src/main/java/ch/njol/skript/expressions/ExprExplodedBlocks.java; src/main/java/ch/njol/skript/expressions/ExprExplosionBlockYield.java
org.bukkit.event.entity.EntityMountEvent	entity.mount	src/main/java/ch/njol/skript/expressions/ExprVehicle.java
org.bukkit.event.entity.EntityPickupItemEvent	entity.pickup	src/main/java/ch/njol/skript/events/EvtItem.java
org.bukkit.event.entity.EntityPortalEvent	unreviewed gap	src/main/java/ch/njol/skript/events/EvtPortal.java
org.bukkit.event.entity.EntityPotionEffectEvent	entity.potionEffect	src/main/java/org/skriptlang/skript/bukkit/potion/elements/events/EvtEntityPotion.java; src/main/java/org/skriptlang/skript/bukkit/potion/PotionModule.java
org.bukkit.event.entity.EntityRegainHealthEvent	entity.regainHealth	src/main/java/ch/njol/skript/events/EvtHealing.java; src/main/java/ch/njol/skript/expressions/ExprHealAmount.java
org.bukkit.event.entity.EntityShootBowEvent	entity.shootBow	src/main/java/ch/njol/skript/events/EvtEntityShootBow.java; src/main/java/ch/njol/skript/expressions/ExprConsumedItem.java; src/main/java/ch/njol/skript/expressions/ExprProjectileForce.java; src/main/java/ch/njol/skript/expressions/ExprShooter.java
org.bukkit.event.entity.EntitySpawnEvent	unreviewed gap	src/main/java/ch/njol/skript/events/EvtEntity.java
org.bukkit.event.entity.EntityTameEvent	entity.tame	src/main/java/ch/njol/skript/expressions/ExprTamer.java
org.bukkit.event.entity.EntityTargetEvent	entity.target	src/main/java/ch/njol/skript/events/EvtEntityTarget.java; src/main/java/ch/njol/skript/expressions/ExprTarget.java
org.bukkit.event.entity.EntityTeleportEvent	entity.teleport	src/main/java/ch/njol/skript/events/EvtTeleport.java
org.bukkit.event.entity.EntityToggleSwimEvent	unreviewed gap	src/main/java/ch/njol/skript/effects/EffCancelEvent.java
org.bukkit.event.entity.EntityTransformEvent	entity.transform	src/main/java/ch/njol/skript/events/EvtEntityTransform.java
org.bukkit.event.entity.EntityUnleashEvent	unreviewed gap	src/main/java/ch/njol/skript/classes/data/BukkitClasses.java; src/main/java/ch/njol/skript/conditions/CondLeashWillDrop.java; src/main/java/ch/njol/skript/effects/EffDropLeash.java; src/main/java/ch/njol/skript/events/EvtLeash.java; src/main/java/ch/njol/skript/expressions/ExprUnleashReason.java
org.bukkit.event.entity.ExpBottleEvent	unreviewed gap	src/main/java/ch/njol/skript/events/EvtExperienceSpawn.java
org.bukkit.event.entity.ExplosionPrimeEvent	explosion.prime	src/main/java/ch/njol/skript/conditions/CondIncendiary.java; src/main/java/ch/njol/skript/effects/EffIncendiary.java; src/main/java/ch/njol/skript/expressions/ExprExplosionYield.java
org.bukkit.event.entity.FireworkExplodeEvent	unreviewed gap	src/main/java/ch/njol/skript/events/EvtFirework.java
org.bukkit.event.entity.FoodLevelChangeEvent	player.foodChange	src/main/java/ch/njol/skript/expressions/ExprFoodLevel.java
org.bukkit.event.entity.ItemDespawnEvent	item.despawn	src/main/java/ch/njol/skript/events/EvtItem.java
org.bukkit.event.entity.ItemMergeEvent	item.merge	src/main/java/ch/njol/skript/events/EvtItem.java
org.bukkit.event.entity.ItemSpawnEvent	item.spawn	src/main/java/ch/njol/skript/events/EvtItem.java
org.bukkit.event.entity.PiglinBarterEvent	unreviewed gap	src/main/java/ch/njol/skript/expressions/ExprBarterDrops.java; src/main/java/ch/njol/skript/expressions/ExprBarterInput.java
org.bukkit.event.entity.PlayerDeathEvent	player.death	src/main/java/ch/njol/skript/effects/EffKeepInventory.java; src/main/java/ch/njol/skript/expressions/ExprLevel.java; src/main/java/org/skriptlang/skript/bukkit/entity/elements/expressions/ExprDeathMessage.java
org.bukkit.event.entity.PlayerLeashEntityEvent	unreviewed gap	src/main/java/ch/njol/skript/events/EvtLeash.java
org.bukkit.event.entity.ProjectileHitEvent	projectile.hit	src/main/java/ch/njol/skript/expressions/ExprAttacked.java
org.bukkit.event.entity.VillagerCareerChangeEvent	unreviewed gap	src/main/java/ch/njol/skript/classes/data/BukkitClasses.java
org.bukkit.event.hanging.HangingBreakByEntityEvent	unreviewed gap	src/main/java/ch/njol/skript/classes/data/BukkitEventValues.java; src/main/java/ch/njol/skript/expressions/ExprHanging.java
org.bukkit.event.hanging.HangingBreakEvent	hanging.break	src/main/java/ch/njol/skript/classes/data/BukkitEventValues.java; src/main/java/ch/njol/skript/events/EvtBlock.java; src/main/java/ch/njol/skript/expressions/ExprHanging.java
org.bukkit.event.hanging.HangingEvent	unreviewed gap	src/main/java/ch/njol/skript/classes/data/BukkitEventValues.java; src/main/java/ch/njol/skript/events/EvtBlock.java; src/main/java/ch/njol/skript/expressions/ExprHanging.java
org.bukkit.event.hanging.HangingPlaceEvent	hanging.place	src/main/java/ch/njol/skript/classes/data/BukkitEventValues.java; src/main/java/ch/njol/skript/events/EvtBlock.java; src/main/java/ch/njol/skript/expressions/ExprHanging.java
org.bukkit.event.inventory.BrewEvent	unreviewed gap	src/main/java/org/skriptlang/skript/bukkit/brewing/elements/events/EvtBrewingComplete.java; src/main/java/org/skriptlang/skript/bukkit/brewing/elements/expressions/ExprBrewingResults.java; src/main/java/org/skriptlang/skript/bukkit/brewing/elements/expressions/ExprBrewingSlot.java
org.bukkit.event.inventory.BrewingStandFuelEvent	unreviewed gap	src/main/java/org/skriptlang/skript/bukkit/brewing/elements/conditions/CondBrewingConsume.java; src/main/java/org/skriptlang/skript/bukkit/brewing/elements/effects/EffBrewingConsume.java; src/main/java/org/skriptlang/skript/bukkit/brewing/elements/events/EvtBrewingFuel.java; src/main/java/org/skriptlang/skript/bukkit/brewing/elements/expressions/ExprBrewingSlot.java
org.bukkit.event.inventory.CraftItemEvent	player.craft	src/main/java/ch/njol/skript/events/EvtItem.java
org.bukkit.event.inventory.FurnaceBurnEvent	furnace.burn	src/main/java/org/skriptlang/skript/bukkit/block/furnace/elements/events/EvtFurnace.java; src/main/java/org/skriptlang/skript/bukkit/block/furnace/elements/expressions/ExprFurnaceEventItems.java; src/main/java/org/skriptlang/skript/bukkit/block/furnace/elements/expressions/ExprFurnaceSlot.java; src/main/java/org/skriptlang/skript/bukkit/block/furnace/elements/expressions/ExprFurnaceTime.java
org.bukkit.event.inventory.FurnaceExtractEvent	unreviewed gap	src/main/java/org/skriptlang/skript/bukkit/block/furnace/elements/events/EvtFurnace.java; src/main/java/org/skriptlang/skript/bukkit/block/furnace/elements/expressions/ExprFurnaceEventItems.java; src/main/java/org/skriptlang/skript/bukkit/block/furnace/elements/expressions/ExprFurnaceSlot.java; src/main/java/org/skriptlang/skript/bukkit/block/furnace/elements/expressions/ExprFurnaceTime.java
org.bukkit.event.inventory.FurnaceSmeltEvent	furnace.smelt	src/main/java/org/skriptlang/skript/bukkit/block/furnace/elements/events/EvtFurnace.java; src/main/java/org/skriptlang/skript/bukkit/block/furnace/elements/expressions/ExprFurnaceEventItems.java; src/main/java/org/skriptlang/skript/bukkit/block/furnace/elements/expressions/ExprFurnaceSlot.java; src/main/java/org/skriptlang/skript/bukkit/block/furnace/elements/expressions/ExprFurnaceTime.java
org.bukkit.event.inventory.FurnaceStartSmeltEvent	unreviewed gap	src/main/java/org/skriptlang/skript/bukkit/block/furnace/elements/events/EvtFurnace.java; src/main/java/org/skriptlang/skript/bukkit/block/furnace/elements/expressions/ExprFurnaceEventItems.java; src/main/java/org/skriptlang/skript/bukkit/block/furnace/elements/expressions/ExprFurnaceSlot.java; src/main/java/org/skriptlang/skript/bukkit/block/furnace/elements/expressions/ExprFurnaceTime.java
org.bukkit.event.inventory.InventoryClickEvent	player.inventoryClick	src/main/java/ch/njol/skript/events/EvtItem.java; src/main/java/ch/njol/skript/expressions/ExprClicked.java; src/main/java/ch/njol/skript/expressions/ExprCursorSlot.java; src/main/java/ch/njol/skript/expressions/ExprHotbarButton.java; src/main/java/ch/njol/skript/util/slot/CursorSlot.java
org.bukkit.event.inventory.InventoryCloseEvent	player.inventoryClose	src/main/java/ch/njol/skript/classes/data/BukkitClasses.java; src/main/java/ch/njol/skript/expressions/ExprInventoryCloseReason.java
org.bukkit.event.inventory.InventoryEvent	unreviewed gap	src/main/java/org/skriptlang/skript/bukkit/types/InventoryClassInfo.java
org.bukkit.event.inventory.InventoryInteractEvent	unreviewed gap	src/main/java/ch/njol/skript/effects/EffCancelEvent.java
org.bukkit.event.inventory.InventoryMoveItemEvent	inventory.moveItem	src/main/java/ch/njol/skript/events/EvtItem.java; src/main/java/ch/njol/skript/expressions/ExprEvtInitiator.java
org.bukkit.event.inventory.PrepareItemCraftEvent	unreviewed gap	src/main/java/ch/njol/skript/events/EvtItem.java
org.bukkit.event.player.AsyncPlayerChatEvent	unreviewed gap	src/main/java/ch/njol/skript/command/Commands.java
org.bukkit.event.player.PlayerBucketEmptyEvent	player.bucketEmpty	src/main/java/ch/njol/skript/events/EvtBlock.java
org.bukkit.event.player.PlayerBucketEntityEvent	unreviewed gap	src/main/java/org/skriptlang/skript/bukkit/fishing/elements/events/EvtBucketEntity.java
org.bukkit.event.player.PlayerBucketEvent	unreviewed gap	src/main/java/ch/njol/skript/expressions/ExprTool.java
org.bukkit.event.player.PlayerBucketFillEvent	player.bucketFill	src/main/java/ch/njol/skript/events/EvtBlock.java
org.bukkit.event.player.PlayerCommandPreprocessEvent	player.command	src/main/java/ch/njol/skript/command/Commands.java; src/main/java/ch/njol/skript/events/EvtCommand.java; src/main/java/ch/njol/skript/expressions/ExprArgument.java; src/main/java/ch/njol/skript/expressions/ExprCommand.java; src/main/java/ch/njol/skript/expressions/ExprCommandInfo.java; src/main/java/ch/njol/skript/Skript.java
org.bukkit.event.player.PlayerCommandSendEvent	unreviewed gap	src/main/java/ch/njol/skript/events/EvtPlayerCommandSend.java; src/main/java/ch/njol/skript/expressions/ExprSentCommands.java
org.bukkit.event.player.PlayerDropItemEvent	player.drop	src/main/java/ch/njol/skript/effects/EffCancelEvent.java; src/main/java/ch/njol/skript/events/EvtItem.java
org.bukkit.event.player.PlayerEditBookEvent	unreviewed gap	src/main/java/ch/njol/skript/events/EvtBookEdit.java; src/main/java/ch/njol/skript/events/EvtBookSign.java
org.bukkit.event.player.PlayerEggThrowEvent	unreviewed gap	src/main/java/ch/njol/skript/conditions/CondWillHatch.java; src/main/java/ch/njol/skript/effects/EffMakeEggHatch.java; src/main/java/ch/njol/skript/expressions/ExprHatchingNumber.java; src/main/java/ch/njol/skript/expressions/ExprHatchingType.java
org.bukkit.event.player.PlayerEvent	unreviewed gap	src/main/java/ch/njol/skript/events/EvtClick.java; src/main/java/org/skriptlang/skript/bukkit/fishing/elements/events/EvtBucketEntity.java
org.bukkit.event.player.PlayerExpChangeEvent	player.expChange	src/main/java/ch/njol/skript/events/EvtExperienceChange.java; src/main/java/ch/njol/skript/expressions/ExprExperience.java
org.bukkit.event.player.PlayerFishEvent	player.fish	src/main/java/ch/njol/skript/events/EvtExperienceSpawn.java; src/main/java/ch/njol/skript/expressions/ExprExperience.java; src/main/java/org/skriptlang/skript/bukkit/fishing/elements/conditions/CondFishingLure.java; src/main/java/org/skriptlang/skript/bukkit/fishing/elements/effects/EffFishingLure.java; src/main/java/org/skriptlang/skript/bukkit/fishing/elements/effects/EffPullHookedEntity.java; src/main/java/org/skriptlang/skript/bukkit/fishing/elements/events/EvtFish.java; src/main/java/org/skriptlang/skript/bukkit/fishing/elements/expressions/ExprFishingApproachAngle.java; src/main/java/org/skriptlang/skript/bukkit/fishing/elements/expressions/ExprFishingBiteTime.java; src/main/java/org/skriptlang/skript/bukkit/fishing/elements/expressions/ExprFishingHookEntity.java; src/main/java/org/skriptlang/skript/bukkit/fishing/elements/expressions/ExprFishingWaitTime.java; src/main/java/org/skriptlang/skript/bukkit/fishing/FishingModule.java
org.bukkit.event.player.PlayerGameModeChangeEvent	player.gameModeChange	src/main/java/org/skriptlang/skript/bukkit/entity/player/elements/events/EvtPlayerGameModeChange.java; src/main/java/org/skriptlang/skript/bukkit/entity/player/elements/expressions/ExprGameMode.java
org.bukkit.event.player.PlayerHarvestBlockEvent	player.harvest	src/main/java/ch/njol/skript/effects/EffCancelDrops.java; src/main/java/ch/njol/skript/events/EvtHarvestBlock.java; src/main/java/ch/njol/skript/expressions/ExprDrops.java
org.bukkit.event.player.PlayerInputEvent	unreviewed gap	src/main/java/org/skriptlang/skript/bukkit/input/elements/conditions/CondIsPressingKey.java; src/main/java/org/skriptlang/skript/bukkit/input/elements/events/EvtPlayerInput.java; src/main/java/org/skriptlang/skript/bukkit/input/elements/expressions/ExprCurrentInputKeys.java
org.bukkit.event.player.PlayerInteractAtEntityEvent	unreviewed gap	src/main/java/ch/njol/skript/events/EvtClick.java; src/main/java/ch/njol/skript/expressions/ExprClicked.java; src/main/java/ch/njol/skript/lang/SkriptEventInfo.java
org.bukkit.event.player.PlayerInteractEntityEvent	player.interactEntity	src/main/java/ch/njol/skript/effects/EffCancelEvent.java; src/main/java/ch/njol/skript/events/EvtClick.java; src/main/java/ch/njol/skript/expressions/ExprClicked.java
org.bukkit.event.player.PlayerInteractEvent	player.interact	src/main/java/ch/njol/skript/bukkitutil/ClickEventTracker.java; src/main/java/ch/njol/skript/effects/EffCancelEvent.java; src/main/java/ch/njol/skript/events/EvtClick.java; src/main/java/ch/njol/skript/events/EvtPressurePlate.java; src/main/java/ch/njol/skript/expressions/ExprClicked.java; src/main/java/ch/njol/skript/SkriptEventHandler.java
org.bukkit.event.player.PlayerItemConsumeEvent	player.consume	src/main/java/ch/njol/skript/events/EvtItem.java; src/main/java/ch/njol/skript/expressions/ExprConsumedItem.java
org.bukkit.event.player.PlayerItemDamageEvent	player.itemDamage	src/main/java/ch/njol/skript/expressions/ExprDamage.java
org.bukkit.event.player.PlayerItemHeldEvent	player.itemHeld	src/main/java/ch/njol/skript/expressions/ExprHotbarSlot.java; src/main/java/ch/njol/skript/expressions/ExprTool.java
org.bukkit.event.player.PlayerItemMendEvent	unreviewed gap	src/main/java/ch/njol/skript/expressions/ExprMendingRepairAmount.java
org.bukkit.event.player.PlayerJoinEvent	player.join	src/main/java/ch/njol/skript/events/EvtFirstJoin.java; src/main/java/ch/njol/skript/Skript.java; src/main/java/org/skriptlang/skript/bukkit/entity/player/elements/expressions/ExprJoinMessage.java
org.bukkit.event.player.PlayerKickEvent	player.kick	src/main/java/org/skriptlang/skript/bukkit/entity/player/elements/effects/EffKick.java; src/main/java/org/skriptlang/skript/bukkit/entity/player/elements/expressions/ExprKickMessage.java; src/main/java/org/skriptlang/skript/bukkit/entity/player/elements/expressions/ExprOnScreenKickMessage.java
org.bukkit.event.player.PlayerLevelChangeEvent	player.levelChange	src/main/java/ch/njol/skript/events/EvtLevel.java; src/main/java/ch/njol/skript/expressions/ExprLevel.java
org.bukkit.event.player.PlayerLoginEvent	unreviewed gap	src/main/java/ch/njol/skript/effects/EffCancelEvent.java; src/main/java/ch/njol/skript/expressions/ExprHostname.java; src/main/java/ch/njol/skript/expressions/ExprIP.java; src/main/java/org/skriptlang/skript/bukkit/entity/player/elements/effects/EffKick.java
org.bukkit.event.player.PlayerMoveEvent	player.move	src/main/java/ch/njol/skript/events/EvtMove.java; src/main/java/ch/njol/skript/events/EvtMoveOn.java; src/main/java/ch/njol/skript/events/EvtPlayerChunkEnter.java; src/main/java/ch/njol/skript/hooks/regions/events/EvtRegionBorder.java; src/main/java/org/skriptlang/skript/bukkit/entity/elements/effects/EffTeleport.java
org.bukkit.event.player.PlayerPickupItemEvent	unreviewed gap	src/main/java/ch/njol/skript/events/EvtItem.java
org.bukkit.event.player.PlayerPortalEvent	player.portal	src/main/java/ch/njol/skript/events/EvtPortal.java; src/main/java/ch/njol/skript/hooks/regions/events/EvtRegionBorder.java
org.bukkit.event.player.PlayerQuitEvent	player.quit	src/main/java/org/skriptlang/skript/bukkit/entity/player/elements/expressions/ExprQuitMessage.java
org.bukkit.event.player.PlayerResourcePackStatusEvent	player.resourcePack	src/main/java/ch/njol/skript/conditions/CondResourcePack.java; src/main/java/ch/njol/skript/events/EvtResourcePackResponse.java
org.bukkit.event.player.PlayerRespawnEvent	player.respawn	src/main/java/ch/njol/skript/conditions/CondRespawnLocation.java; src/main/java/ch/njol/skript/effects/EffRespawn.java; src/main/java/ch/njol/skript/expressions/ExprLevel.java; src/main/java/org/skriptlang/skript/bukkit/entity/elements/effects/EffTeleport.java; src/main/java/org/skriptlang/skript/bukkit/entity/player/elements/expressions/ExprRespawnLocation.java
org.bukkit.event.player.PlayerTeleportEvent	player.teleport	src/main/java/ch/njol/skript/events/EvtTeleport.java; src/main/java/ch/njol/skript/expressions/ExprWorld.java; src/main/java/ch/njol/skript/hooks/regions/events/EvtRegionBorder.java
org.bukkit.event.player.PlayerUnleashEntityEvent	unreviewed gap	src/main/java/ch/njol/skript/events/EvtLeash.java
org.bukkit.event.server.BroadcastMessageEvent	unreviewed gap	src/main/java/ch/njol/skript/events/SimpleEvents.java; src/main/java/org/skriptlang/skript/bukkit/misc/elements/expressions/ExprBroadcastMessage.java; src/main/java/org/skriptlang/skript/bukkit/text/elements/effects/EffBroadcast.java
org.bukkit.event.server.PluginDisableEvent	unreviewed gap	src/main/java/ch/njol/skript/Skript.java
org.bukkit.event.server.ServerCommandEvent	server.command	src/main/java/ch/njol/skript/classes/data/BukkitEventValues.java; src/main/java/ch/njol/skript/command/Commands.java; src/main/java/ch/njol/skript/events/EvtCommand.java; src/main/java/ch/njol/skript/expressions/ExprArgument.java; src/main/java/ch/njol/skript/expressions/ExprCommand.java; src/main/java/ch/njol/skript/expressions/ExprCommandInfo.java; src/main/java/ch/njol/skript/Skript.java
org.bukkit.event.server.ServerListPingEvent	unreviewed gap	src/main/java/ch/njol/skript/effects/EffHidePlayerFromServerList.java; src/main/java/ch/njol/skript/events/SimpleEvents.java; src/main/java/ch/njol/skript/expressions/ExprIP.java; src/main/java/ch/njol/skript/expressions/ExprMaxPlayers.java; src/main/java/ch/njol/skript/expressions/ExprOnlinePlayersCount.java; src/main/java/org/skriptlang/skript/bukkit/misc/elements/expressions/ExprMOTD.java
org.bukkit.event.server.ServerLoadEvent	unreviewed gap	src/main/java/ch/njol/skript/Skript.java
org.bukkit.event.vehicle.VehicleBlockCollisionEvent	unreviewed gap	src/main/java/ch/njol/skript/events/EvtVehicleCollision.java
org.bukkit.event.vehicle.VehicleCollisionEvent	unreviewed gap	src/main/java/ch/njol/skript/events/EvtVehicleCollision.java
org.bukkit.event.vehicle.VehicleDamageEvent	unreviewed gap	src/main/java/ch/njol/skript/expressions/ExprAttacked.java; src/main/java/ch/njol/skript/expressions/ExprAttacker.java; src/main/java/ch/njol/skript/expressions/ExprDamage.java
org.bukkit.event.vehicle.VehicleDestroyEvent	vehicle.destroy	src/main/java/ch/njol/skript/expressions/ExprAttacked.java; src/main/java/ch/njol/skript/expressions/ExprAttacker.java
org.bukkit.event.vehicle.VehicleEnterEvent	vehicle.enter	src/main/java/ch/njol/skript/expressions/ExprPassenger.java; src/main/java/ch/njol/skript/expressions/ExprVehicle.java
org.bukkit.event.vehicle.VehicleEntityCollisionEvent	unreviewed gap	src/main/java/ch/njol/skript/events/EvtVehicleCollision.java
org.bukkit.event.vehicle.VehicleEvent	unreviewed gap	src/main/java/ch/njol/skript/expressions/ExprAttacked.java
org.bukkit.event.vehicle.VehicleExitEvent	vehicle.exit	src/main/java/ch/njol/skript/expressions/ExprPassenger.java; src/main/java/ch/njol/skript/expressions/ExprVehicle.java
org.bukkit.event.weather.LightningStrikeEvent	world.lightning	src/main/java/ch/njol/skript/classes/data/BukkitEventValues.java; src/main/java/ch/njol/skript/events/SimpleEvents.java
org.bukkit.event.weather.ThunderChangeEvent	world.thunderChange	src/main/java/ch/njol/skript/events/EvtWeatherChange.java; src/main/java/ch/njol/skript/expressions/ExprWeather.java; src/main/java/ch/njol/skript/util/WeatherType.java
org.bukkit.event.weather.WeatherChangeEvent	world.weatherChange	src/main/java/ch/njol/skript/events/EvtWeatherChange.java; src/main/java/ch/njol/skript/expressions/ExprWeather.java; src/main/java/ch/njol/skript/util/WeatherType.java
org.bukkit.event.weather.WeatherEvent	unreviewed gap	src/main/java/ch/njol/skript/classes/data/BukkitEventValues.java; src/main/java/ch/njol/skript/expressions/ExprWeather.java; src/main/java/ch/njol/skript/util/WeatherType.java
org.bukkit.event.world.ChunkEvent	unreviewed gap	src/main/java/ch/njol/skript/classes/data/BukkitEventValues.java
org.bukkit.event.world.LootGenerateEvent	unreviewed gap	src/main/java/org/skriptlang/skript/bukkit/loottables/elements/expressions/ExprLoot.java; src/main/java/org/skriptlang/skript/bukkit/loottables/LootTableModule.java
org.bukkit.event.world.PortalCreateEvent	world.portalCreate	src/main/java/ch/njol/skript/classes/data/BukkitEventValues.java; src/main/java/ch/njol/skript/expressions/ExprPortal.java
org.bukkit.event.world.SpawnChangeEvent	unreviewed gap	src/main/java/ch/njol/skript/expressions/ExprSpawn.java
org.bukkit.event.world.StructureGrowEvent	world.structureGrow	src/main/java/ch/njol/skript/classes/data/BukkitEventValues.java; src/main/java/ch/njol/skript/events/EvtGrow.java
org.bukkit.event.world.WorldEvent	unreviewed gap	src/main/java/ch/njol/skript/classes/data/BukkitEventValues.java; src/main/java/ch/njol/skript/events/EvtWorld.java
org.bukkit.event.world.WorldInitEvent	unreviewed gap	src/main/java/ch/njol/skript/events/EvtWorld.java
org.bukkit.event.world.WorldLoadEvent	world.load	src/main/java/ch/njol/skript/events/EvtWorld.java
org.bukkit.event.world.WorldSaveEvent	unreviewed gap	src/main/java/ch/njol/skript/events/EvtWorld.java
org.bukkit.event.world.WorldUnloadEvent	world.unload	src/main/java/ch/njol/skript/events/EvtWorld.java
